title,price,rating,in_stock
A Light in the Attic,Â£51.77,3,True
Tipping the Velvet,Â£53.74,1,True
Soumission,Â£50.10,1,True
Sharp Objects,Â£47.82,4,True
Sapiens: A Brief History of Humankind,Â£54.23,5,True
The Requiem Red,Â£22.65,1,True
The Dirty Little Secrets of Getting Your Dream Job,Â£33.34,4,True
"The Coming Woman: A Novel Based on the Life of the Infamous Feminist, Victoria Woodhull",Â£17.93,3,True
The Boys in the Boat: Nine Americans and Their Epic Quest for Gold at the 1936 Berlin Olympics,Â£22.60,4,True
The Black Maria,Â£52.15,1,True
"Starving Hearts (Triangular Trade Trilogy, #1)",Â£13.99,2,True
Shakespeare's Sonnets,Â£20.66,4,True
Set Me Free,Â£17.46,5,True
Scott Pilgrim's Precious Little Life (Scott Pilgrim #1),Â£52.29,5,True
Rip it Up and Start Again,Â£35.02,5,True
"Our Band Could Be Your Life: Scenes from the American Indie Underground, 1981-1991",Â£57.25,3,True
Olio,Â£23.88,1,True
Mesaerion: The Best Science Fiction Stories 1800-1849,Â£37.59,1,True
Libertarianism for Beginners,Â£51.33,2,True
It's Only the Himalayas,Â£45.17,2,True
In Her Wake,Â£12.84,1,True
How Music Works,Â£37.32,2,True
"Foolproof Preserving: A Guide to Small Batch Jams, Jellies, Pickles, Condiments, and More: A Foolproof Guide to Making Small Batch Jams, Jellies, Pickles, Condiments, and More",Â£30.52,3,True
Chase Me (Paris Nights #2),Â£25.27,5,True
Black Dust,Â£34.53,5,True
Birdsong: A Story in Pictures,Â£54.64,3,True
America's Cradle of Quarterbacks: Western Pennsylvania's Football Factory from Johnny Unitas to Joe Montana,Â£22.50,3,True
Aladdin and His Wonderful Lamp,Â£53.13,3,True
Worlds Elsewhere: Journeys Around Shakespeareâs Globe,Â£40.30,5,True
Wall and Piece,Â£44.18,4,True
The Four Agreements: A Practical Guide to Personal Freedom,Â£17.66,5,True
The Five Love Languages: How to Express Heartfelt Commitment to Your Mate,Â£31.05,3,True
The Elephant Tree,Â£23.82,5,True
The Bear and the Piano,Â£36.89,1,True
Sophie's World,Â£15.94,5,True
Penny Maybe,Â£33.29,3,True
Maude (1883-1993):She Grew Up with the country,Â£18.02,2,True
"In a Dark, Dark Wood",Â£19.63,1,True
Behind Closed Doors,Â£52.22,4,True
You can't bury them all: Poems,Â£33.63,2,True
Slow States of Collapse: Poems,Â£57.31,3,True
Reasons to Stay Alive,Â£26.41,2,True
Private Paris (Private #10),Â£47.61,5,True
#HigherSelfie: Wake Up Your Life. Free Your Soul. Find Your Tribe.,Â£23.11,5,True
Without Borders (Wanderlove #1),Â£45.07,2,True
When We Collided,Â£31.77,1,True
"We Love You, Charlie Freeman",Â£50.27,5,True
Untitled Collection: Sabbath Poems 2014,Â£14.27,4,True
"Unseen City: The Majesty of Pigeons, the Discreet Charm of Snails & Other Wonders of the Urban Wilderness",Â£44.18,4,True
Unicorn Tracks,Â£18.78,3,True
"Unbound: How Eight Technologies Made Us Human, Transformed Society, and Brought Our World to the Brink",Â£25.52,1,True
Tsubasa: WoRLD CHRoNiCLE 2 (Tsubasa WoRLD CHRoNiCLE #2),Â£16.28,1,True
Throwing Rocks at the Google Bus: How Growth Became the Enemy of Prosperity,Â£31.12,3,True
This One Summer,Â£19.49,4,True
Thirst,Â£17.27,5,True
The Torch Is Passed: A Harding Family Story,Â£19.09,1,True
The Secret of Dreadwillow Carse,Â£56.13,1,True
"The Pioneer Woman Cooks: Dinnertime: Comfort Classics, Freezer Food, 16-Minute Meals, and Other Delicious Ways to Solve Supper!",Â£56.41,1,True
The Past Never Ends,Â£56.50,4,True
The Natural History of Us (The Fine Art of Pretending #2),Â£45.22,3,True
The Nameless City (The Nameless City #1),Â£38.16,4,True
The Murder That Never Was (Forensic Instincts #5),Â£54.11,3,True
The Most Perfect Thing: Inside (and Outside) a Bird's Egg,Â£42.96,4,True
"The Mindfulness and Acceptance Workbook for Anxiety: A Guide to Breaking Free from Anxiety, Phobias, and Worry Using Acceptance and Commitment Therapy",Â£23.89,4,True
The Life-Changing Magic of Tidying Up: The Japanese Art of Decluttering and Organizing,Â£16.77,3,True
"The Inefficiency Assassin: Time Management Tactics for Working Smarter, Not Longer",Â£20.59,5,True
The Gutsy Girl: Escapades for Your Life of Epic Adventure,Â£37.13,1,True
The Electric Pencil: Drawings from Inside State Hospital No. 3,Â£56.06,1,True
The Death of Humanity: and the Case for Life,Â£58.11,4,True
"The Bulletproof Diet: Lose up to a Pound a Day, Reclaim Energy and Focus, Upgrade Your Life",Â£49.05,3,True
The Art Forger,Â£40.76,3,True
The Age of Genius: The Seventeenth Century and the Birth of the Modern Mind,Â£19.73,1,True
The Activist's Tao Te Ching: Ancient Advice for a Modern Revolution,Â£32.24,5,True
Spark Joy: An Illustrated Master Class on the Art of Organizing and Tidying Up,Â£41.83,4,True
Soul Reader,Â£39.58,2,True
Security,Â£39.25,2,True
"Saga, Volume 6 (Saga (Collected Editions) #6)",Â£25.02,3,True
"Saga, Volume 5 (Saga (Collected Editions) #5)",Â£51.04,2,True
Reskilling America: Learning to Labor in the Twenty-First Century,Â£19.83,2,True
"Rat Queens, Vol. 3: Demons (Rat Queens (Collected Editions) #11-15)",Â£50.40,3,True
"Princess Jellyfish 2-in-1 Omnibus, Vol. 01 (Princess Jellyfish 2-in-1 Omnibus #1)",Â£13.61,5,True
Princess Between Worlds (Wide-Awake Princess #5),Â£13.34,5,True
"Pop Gun War, Volume 1: Gift",Â£18.97,1,True
"Political Suicide: Missteps, Peccadilloes, Bad Calls, Backroom Hijinx, Sordid Pasts, Rotten Breaks, and Just Plain Dumb Mistakes in the Annals of American Politics",Â£36.28,2,True
Patience,Â£10.16,3,True
"Outcast, Vol. 1: A Darkness Surrounds Him (Outcast #1)",Â£15.44,4,True
orange: The Complete Collection 1 (orange: The Complete Collection #1),Â£48.41,1,True
Online Marketing for Busy Authors: A Step-By-Step Guide,Â£46.35,1,True
On a Midnight Clear,Â£14.07,3,True
Obsidian (Lux #1),Â£14.86,2,True
My Paris Kitchen: Recipes and Stories,Â£33.37,2,True
Masks and Shadows,Â£56.40,2,True
"Mama Tried: Traditional Italian Cooking for the Screwed, Crude, Vegan, and Tattooed",Â£14.02,4,True
"Lumberjanes, Vol. 2: Friendship to the Max (Lumberjanes #5-8)",Â£46.91,2,True
"Lumberjanes, Vol. 1: Beware the Kitten Holy (Lumberjanes #1-4)",Â£45.61,3,True
Lumberjanes Vol. 3: A Terrible Plan (Lumberjanes #9-12),Â£19.92,2,True
"Layered: Baking, Building, and Styling Spectacular Cakes",Â£40.11,1,True
Judo: Seven Steps to Black Belt (an Introductory Guide for Beginners),Â£53.90,2,True
Join,Â£35.67,5,True
In the Country We Love: My Family Divided,Â£22.00,4,True
Immunity: How Elie Metchnikoff Changed the Course of Modern Medicine,Â£57.36,5,True
"I Hate Fairyland, Vol. 1: Madly Ever After (I Hate Fairyland (Compilations) #1-5)",Â£29.17,2,True
I am a Hero Omnibus Volume 1,Â£54.63,3,True
How to Be Miserable: 40 Strategies You Already Use,Â£46.03,1,True
Her Backup Boyfriend (The Sorensen Family #1),Â£33.97,1,True
"Giant Days, Vol. 2 (Giant Days #5-8)",Â£22.11,2,True
Forever and Forever: The Courtship of Henry Longfellow and Fanny Appleton,Â£29.69,3,True
First and First (Five Boroughs #3),Â£15.97,4,True
Fifty Shades Darker (Fifty Shades #2),Â£21.96,1,True
Everydata: The Misinformation Hidden in the Little Data You Consume Every Day,Â£54.35,2,True
"Don't Be a Jerk: And Other Practical Advice from Dogen, Japan's Greatest Zen Master",Â£37.97,2,True
Danganronpa Volume 1,Â£51.99,4,True
Crown of Midnight (Throne of Glass #2),Â£43.29,3,True
"Codename Baboushka, Volume 1: The Conclave of Death",Â£36.72,4,True
Camp Midnight,Â£17.08,4,True
Call the Nurse: True Stories of a Country Nurse on a Scottish Isle,Â£29.14,5,True
Burning,Â£28.81,3,True
Bossypants,Â£49.46,2,True
"Bitch Planet, Vol. 1: Extraordinary Machine (Bitch Planet (Collected Editions))",Â£37.92,2,True
"Avatar: The Last Airbender: Smoke and Shadow, Part 3 (Smoke and Shadow #3)",Â£28.09,2,True
Algorithms to Live By: The Computer Science of Human Decisions,Â£30.81,1,True
A World of Flavor: Your Gluten Free Passport,Â£42.95,1,True
"A Piece of Sky, a Grain of Rice: A Memoir in Four Meditations",Â£56.76,5,True
A Murder in Time,Â£16.64,1,True
A Flight of Arrows (The Pathfinders #2),Â£55.53,5,True
A Fierce and Subtle Poison,Â£28.13,4,True
A Court of Thorns and Roses (A Court of Thorns and Roses #1),Â£52.37,1,True
(Un)Qualified: How God Uses Broken People to Do Big Things,Â£54.00,5,True
You Are What You Love: The Spiritual Power of Habit,Â£21.87,4,True
"William Shakespeare's Star Wars: Verily, A New Hope (William Shakespeare's Star Wars #4)",Â£43.30,4,True
Tuesday Nights in 1980,Â£21.04,2,True
Tracing Numbers on a Train,Â£41.60,3,True
Throne of Glass (Throne of Glass #1),Â£35.07,3,True
Thomas Jefferson and the Tripoli Pirates: The Forgotten War That Changed American History,Â£59.64,1,True
Thirteen Reasons Why,Â£52.72,1,True
The White Cat and the Monk: A Retelling of the Poem âPangur BÃ¡nâ,Â£58.08,4,True
The Wedding Dress,Â£24.12,1,True
The Vacationers,Â£42.15,4,True
The Third Wave: An Entrepreneurâs Vision of the Future,Â£12.61,5,True
The Stranger,Â£17.44,4,True
The Shadow Hero (The Shadow Hero),Â£33.14,1,True
The Secret (The Secret #1),Â£27.37,4,True
The Regional Office Is Under Attack!,Â£51.36,5,True
The Psychopath Test: A Journey Through the Madness Industry,Â£36.00,2,True
The Project,Â£10.65,1,True
The Power of Now: A Guide to Spiritual Enlightenment,Â£43.54,2,True
The Omnivore's Dilemma: A Natural History of Four Meals,Â£38.21,2,True
The Nerdy Nummies Cookbook: Sweet Treats for the Geek in All of Us,Â£37.34,5,True
The Murder of Roger Ackroyd (Hercule Poirot #4),Â£44.10,4,True
The Mistake (Off-Campus #2),Â£43.29,3,True
The Matchmaker's Playbook (Wingmen Inc. #1),Â£55.85,1,True
The Love and Lemons Cookbook: An Apple-to-Zucchini Celebration of Impromptu Cooking,Â£37.60,2,True
The Long Shadow of Small Ghosts: Murder and Memory in an American City,Â£10.97,1,True
The Kite Runner,Â£41.82,4,True
The House by the Lake,Â£36.95,1,True
The Glittering Court (The Glittering Court #1),Â£44.28,1,True
The Girl on the Train,Â£55.02,2,True
The Genius of Birds,Â£17.24,1,True
The Emerald Mystery,Â£23.15,2,True
The Cookies & Cups Cookbook: 125+ sweet & savory recipes reminding you to Always Eat Dessert First,Â£41.25,1,True
The Bridge to Consciousness: I'm Writing the Bridge Between Science and Our Old and New Beliefs.,Â£32.00,3,True
The Artist's Way: A Spiritual Path to Higher Creativity,Â£38.49,5,True
The Art of War,Â£33.34,5,True
The Argonauts,Â£10.93,2,True
The 10% Entrepreneur: Live Your Startup Dream Without Quitting Your Day Job,Â£27.55,3,True
Suddenly in Love (Lake Haven #1),Â£55.99,2,True
Something More Than This,Â£16.24,4,True
Soft Apocalypse,Â£26.12,2,True
So You've Been Publicly Shamed,Â£12.23,2,True
Shoe Dog: A Memoir by the Creator of NIKE,Â£23.99,2,True
"Shobu Samurai, Project Aryoku (#3)",Â£29.06,3,True
Secrets and Lace (Fatal Hearts #1),Â£20.27,1,True
Scarlett Epstein Hates It Here,Â£43.55,5,True
Romero and Juliet: A Tragic Tale of Love and Zombies,Â£36.94,1,True
Redeeming Love,Â£20.47,5,True
Poses for Artists Volume 1 - Dynamic and Sitting Poses: An Essential Reference for Figure Drawing and the Human Form,Â£41.06,1,True
Poems That Make Grown Women Cry,Â£14.19,4,True
"Nightingale, Sing",Â£38.28,1,True
Night Sky with Exit Wounds,Â£41.05,1,True
Mrs. Houdini,Â£30.25,5,True
Modern Romance,Â£28.26,5,True
Miss Peregrineâs Home for Peculiar Children (Miss Peregrineâs Peculiar Children #1),Â£10.76,1,True
Louisa: The Extraordinary Life of Mrs. Adams,Â£16.85,2,True
Little Red,Â£13.47,3,True
Library of Souls (Miss Peregrineâs Peculiar Children #3),Â£48.56,5,True
Large Print Heart of the Pride,Â£19.15,2,True
I Had a Nice Time And Other Lies...: How to find love & sh*t like that,Â£57.36,4,True
Hollow City (Miss Peregrineâs Peculiar Children #2),Â£42.98,1,True
Grumbles,Â£22.16,2,True
Full Moon over Noahâs Ark: An Odyssey to Mount Ararat and Beyond,Â£49.43,4,True
Frostbite (Vampire Academy #2),Â£29.99,5,True
Follow You Home,Â£21.36,1,True
First Steps for New Christians (Print Edition),Â£29.00,1,True
Finders Keepers (Bill Hodges Trilogy #2),Â£53.53,5,True
"Fables, Vol. 1: Legends in Exile (Fables #1)",Â£41.62,4,True
Eureka Trivia 6.0,Â£54.59,4,True
Drive: The Surprising Truth About What Motivates Us,Â£34.95,4,True
Done Rubbed Out (Reightman & Bailey #1),Â£37.72,5,True
Doing It Over (Most Likely To #1),Â£35.61,3,True
"Deliciously Ella Every Day: Quick and Easy Recipes for Gluten-Free Snacks, Packed Lunches, and Simple Meals",Â£42.16,3,True
Dark Notes,Â£19.19,5,True
"Daring Greatly: How the Courage to Be Vulnerable Transforms the Way We Live, Love, Parent, and Lead",Â£19.43,3,True
Close to You,Â£49.46,4,True
Chasing Heaven: What Dying Taught Me About Living,Â£37.80,2,True
Big Magic: Creative Living Beyond Fear,Â£30.80,3,True
Becoming Wise: An Inquiry into the Mystery and Art of Living,Â£27.43,2,True
Beauty Restored (Riley Family Legacy Novellas #3),Â£11.11,2,True
Batman: The Long Halloween (Batman),Â£36.50,2,True
Batman: The Dark Knight Returns (Batman),Â£15.38,5,True
Ayumi's Violin,Â£15.48,2,True
Anonymous,Â£46.82,4,True
Amy Meets the Saints and Sages,Â£18.46,3,True
Amid the Chaos,Â£36.58,1,True
Amatus,Â£50.54,5,True
Agnostic: A Spirited Manifesto,Â£12.51,5,True
Zealot: The Life and Times of Jesus of Nazareth,Â£24.70,3,True
You (You #1),Â£43.61,5,True
"Wonder Woman: Earth One, Volume One (Wonder Woman: Earth One #1)",Â£37.34,4,True
Wild Swans,Â£14.36,2,True
Why the Right Went Wrong: Conservatism--From Goldwater to the Tea Party and Beyond,Â£52.65,4,True
Whole Lotta Creativity Going On: 60 Fun and Unusual Exercises to Awaken and Strengthen Your Creativity,Â£38.20,4,True
What's It Like in Space?: Stories from Astronauts Who've Been There,Â£19.60,2,True
"We Are Robin, Vol. 1: The Vigilante Business (We Are Robin #1)",Â£53.90,1,True
Walt Disney's Alice in Wonderland,Â£12.96,5,True
V for Vendetta (V for Vendetta Complete),Â£37.10,4,True
Until Friday Night (The Field Party #1),Â£46.31,2,True
"Unbroken: A World War II Story of Survival, Resilience, and Redemption",Â£45.95,2,True
Twenty Yawns,Â£22.08,2,True
Through the Woods,Â£25.38,2,True
This Is Where It Ends,Â£27.12,2,True
The Year of Magical Thinking,Â£43.04,2,True
The Wright Brothers,Â£56.80,4,True
The White Queen (The Cousins' War #1),Â£25.91,5,True
The Wedding Pact (The O'Malleys #2),Â£32.61,3,True
The Time Keeper,Â£27.88,5,True
The Testament of Mary,Â£52.67,4,True
The Star-Touched Queen,Â£46.02,5,True
The Songs of the Gods,Â£44.48,5,True
The Song of Achilles,Â£37.40,5,True
The Rosie Project (Don Tillman #1),Â£54.04,1,True
The Power of Habit: Why We Do What We Do in Life and Business,Â£16.88,3,True
The Marriage of Opposites,Â£28.08,4,True
The Lucifer Effect: Understanding How Good People Turn Evil,Â£10.40,1,True
The Long Haul (Diary of a Wimpy Kid #9),Â£44.07,1,True
The Loney,Â£23.40,1,True
The Literature Book (Big Ideas Simply Explained),Â£17.43,3,True
The Last Mile (Amos Decker #2),Â£54.21,2,True
The Immortal Life of Henrietta Lacks,Â£40.67,2,True
The Hidden Oracle (The Trials of Apollo #1),Â£52.26,2,True
The Help Yourself Cookbook for Kids: 60 Easy Plant-Based Recipes Kids Can Make to Stay Healthy and Save the Earth,Â£28.77,3,True
The Guilty (Will Robie #4),Â£13.82,2,True
The First Hostage (J.B. Collins #2),Â£25.85,3,True
The Dovekeepers,Â£48.78,1,True
The Darkest Lie,Â£35.35,5,True
The Bane Chronicles (The Bane Chronicles #1-11),Â£44.73,4,True
The Bad-Ass Librarians of Timbuktu: And Their Race to Save the Worldâs Most Precious Manuscripts,Â£15.77,1,True
The 14th Colony (Cotton Malone #11),Â£39.24,1,True
That Darkness (Gardiner and Renner #1),Â£13.92,1,True
Tastes Like Fear (DI Marnie Rome #3),Â£10.69,1,True
Take Me with You,Â£45.21,3,True
Swell: A Year of Waves,Â£45.58,1,True
Superman Vol. 1: Before Truth (Superman by Gene Luen Yang #1),Â£11.89,5,True
Still Life with Bread Crumbs,Â£26.41,3,True
Steve Jobs,Â£39.50,5,True
Sorting the Beef from the Bull: The Science of Food Fraud Forensics,Â£44.74,4,True
Someone Like You (The Harrisons #2),Â£52.79,5,True
"So Cute It Hurts!!, Vol. 6 (So Cute It Hurts!! #6)",Â£35.43,4,True
Shtum,Â£55.84,4,True
See America: A Celebration of Our National Parks & Treasured Sites,Â£48.87,3,True
salt.,Â£46.78,4,True
Robin War,Â£47.82,3,True
"Red Hood/Arsenal, Vol. 1: Open for Business (Red Hood/Arsenal #1)",Â£25.48,2,True
Rain Fish,Â£23.57,3,True
"Quarter Life Poetry: Poems for the Young, Broke and Hangry",Â£50.89,5,True
Pet Sematary,Â£10.56,3,True
"Overload: How to Unplug, Unwind, and Unleash Yourself from the Pressure of Stress",Â£52.15,3,True
Once Was a Time,Â£18.28,2,True
Old School (Diary of a Wimpy Kid #10),Â£11.83,5,True
No Dream Is Too High: Life Lessons From a Man Who Walked on the Moon,Â£21.95,2,True
"Naruto (3-in-1 Edition), Vol. 14: Includes Vols. 40, 41 & 42 (Naruto: Omnibus #14)",Â£38.39,2,True
My Name Is Lucy Barton,Â£41.56,1,True
My Mrs. Brown,Â£24.48,3,True
My Kind of Crazy,Â£40.36,1,True
Mr. Mercedes (Bill Hodges Trilogy #1),Â£28.90,1,True
More Than Music (Chasing the Dream #1),Â£37.61,2,True
Made to Stick: Why Some Ideas Survive and Others Die,Â£38.85,5,True
Luis Paints the World,Â£53.95,3,True
Luckiest Girl Alive,Â£49.83,3,True
Lowriders to the Center of the Earth (Lowriders in Space #2),Â£51.51,2,True
Love Is a Mix Tape (Music #1),Â£18.03,1,True
Looking for Lovely: Collecting the Moments that Matter,Â£29.14,5,True
"Living Leadership by Insight: A Good Leader Achieves, a Great Leader Builds Monuments",Â£46.91,4,True
Let It Out: A Journey Through Journaling,Â£26.79,5,True
Lady Midnight (The Dark Artifices #1),Â£16.28,5,True
"It's All Easy: Healthy, Delicious Weeknight Meals in under 30 Minutes",Â£19.55,1,True
Island of Dragons (Unwanteds #7),Â£29.65,1,True
I Know What I'm Doing -- and Other Lies I Tell Myself: Dispatches from a Life Under Construction,Â£25.98,4,True
I Am Pilgrim (Pilgrim #1),Â£10.60,4,True
"Hyperbole and a Half: Unfortunate Situations, Flawed Coping Mechanisms, Mayhem, and Other Things That Happened",Â£14.75,5,True
"Hush, Hush (Hush, Hush #1)",Â£47.02,3,True
Hold Your Breath (Search and Rescue #1),Â£28.82,1,True
Hamilton: The Revolution,Â£58.79,3,True
Greek Mythic History,Â£10.23,5,True
God: The Most Unpleasant Character in All Fiction,Â£30.03,5,True
Glory over Everything: Beyond The Kitchen House,Â£45.84,3,True
Feathers: Displays of Brilliant Plumage,Â£49.05,3,True
"Far & Away: Places on the Brink of Change: Seven Continents, Twenty-Five Years",Â£15.06,4,True
Every Last Word,Â£46.47,3,True
Eligible (The Austen Project #4),Â£27.09,3,True
El Deafo,Â£57.62,5,True
Eight Hundred Grapes,Â£14.39,4,True
"Eaternity: More than 150 Deliciously Easy Vegan Recipes for a Long, Healthy, Satisfied, Joyful Life",Â£51.75,5,True
"Eat Fat, Get Thin",Â£54.07,2,True
Don't Get Caught,Â£55.35,1,True
Doctor Sleep (The Shining #2),Â£40.12,2,True
Demigods & Magicians: Percy and Annabeth Meet the Kanes (Percy Jackson & Kane Chronicles Crossover #1-3),Â£37.51,5,True
Dear Mr. Knightley,Â£11.21,5,True
Daily Fantasy Sports,Â£36.58,1,True
Crazy Love: Overwhelmed by a Relentless God,Â£47.72,2,True
Cometh the Hour (The Clifton Chronicles #6),Â£25.01,3,True
Code Name Verity (Code Name Verity #1),Â£22.13,4,True
Clockwork Angel (The Infernal Devices #1),Â£44.14,1,True
City of Glass (The Mortal Instruments #3),Â£56.02,4,True
City of Fallen Angels (The Mortal Instruments #4),Â£11.23,4,True
City of Bones (The Mortal Instruments #1),Â£43.28,1,True
City of Ashes (The Mortal Instruments #2),Â£47.27,1,True
Cell,Â£20.29,4,True
Catching Jordan (Hundred Oaks),Â£50.83,3,True
"Carry On, Warrior: Thoughts on Life Unarmed",Â£31.85,3,True
Carrie,Â£46.23,2,True
Buying In: The Secret Dialogue Between What We Buy and Who We Are,Â£37.80,4,True
Brain on Fire: My Month of Madness,Â£49.32,5,True
Batman: Europa,Â£32.01,2,True
Barefoot Contessa Back to Basics,Â£28.01,1,True
Barefoot Contessa at Home: Everyday Recipes You'll Make Over and Over Again,Â£50.62,5,True
Balloon Animals,Â£17.03,3,True
Art Ops Vol. 1,Â£48.80,3,True
Aristotle and Dante Discover the Secrets of the Universe (Aristotle and Dante Discover the Secrets of the Universe #1),Â£58.14,4,True
Angels Walking (Angels Walking #1),Â£34.20,2,True
Angels & Demons (Robert Langdon #1),Â£51.48,3,True
All the Light We Cannot See,Â£29.87,5,True
"Adulthood Is a Myth: A ""Sarah's Scribbles"" Collection",Â£10.90,2,True
Abstract City,Â£56.37,5,True
A Time of Torment (Charlie Parker #14),Â£48.35,5,True
A Study in Scarlet (Sherlock Holmes #1),Â£16.73,2,True
"A Series of Catastrophes and Miracles: A True Story of Love, Science, and Cancer",Â£56.48,2,True
A People's History of the United States,Â£40.79,2,True
A Man Called Ove,Â£39.72,1,True
A Distant Mirror: The Calamitous 14th Century,Â£14.58,3,True
A Brush of Wings (Angels Walking #3),Â£55.51,1,True
1491: New Revelations of the Americas Before Columbus,Â£21.80,3,True
"The Three Searches, Meaning, and the Story",Â£13.33,3,True
Searching for Meaning in Gailana,Â£38.73,1,True
Rook,Â£37.86,4,True
My Kitchen Year: 136 Recipes That Saved My Life,Â£11.53,2,True
13 Hours: The Inside Account of What Really Happened In Benghazi,Â£27.06,1,True
Will You Won't You Want Me?,Â£13.86,3,True
Tipping Point for Planet Earth: How Close Are We to the Edge?,Â£37.55,1,True
The Star-Touched Queen,Â£32.30,5,True
The Silent Sister (Riley MacPherson #1),Â£46.29,5,True
The Midnight Watch: A Novel of the Titanic and the Californian,Â£26.20,1,True
The Lonely City: Adventures in the Art of Being Alone,Â£33.26,2,True
The Gray Rhino: How to Recognize and Act on the Obvious Dangers We Ignore,Â£59.15,4,True
The Golden Condom: And Other Essays on Love Lost and Found,Â£39.43,1,True
The Epidemic (The Program 0.6),Â£14.44,5,True
The Dinner Party,Â£56.54,2,True
The Diary of a Young Girl,Â£59.90,3,True
The Children,Â£11.88,3,True
Stars Above (The Lunar Chronicles #4.5),Â£48.05,2,True
Snatched: How A Drug Queen Went Undercover for the DEA and Was Kidnapped By Colombian Guerillas,Â£21.21,3,True
Raspberry Pi Electronics Projects for the Evil Genius,Â£49.67,4,True
Quench Your Own Thirst: Business Lessons Learned Over a Beer or Two,Â£43.14,1,True
Psycho: Sanitarium (Psycho #1.5),Â£36.97,5,True
Poisonous (Max Revere Novels #3),Â£26.80,3,True
One with You (Crossfire #5),Â£15.71,4,True
No Love Allowed (Dodge Cove #1),Â£54.65,4,True
Murder at the 42nd Street Library (Raymond Ambler #1),Â£54.36,4,True
Most Wanted,Â£35.28,3,True
"Love, Lies and Spies",Â£20.55,2,True
How to Speak Golf: An Illustrated Guide to Links Lingo,Â£58.32,5,True
Hide Away (Eve Duncan #20),Â£11.84,1,True
Furiously Happy: A Funny Book About Horrible Things,Â£41.46,4,True
Everyday Italian: 125 Simple and Delicious Recipes,Â£20.10,5,True
Equal Is Unfair: America's Misguided Fight Against Income Inequality,Â£56.86,1,True
Eleanor & Park,Â£56.51,5,True
Dirty (Dive Bar #1),Â£40.83,4,True
Can You Keep a Secret? (Fear Street Relaunch #4),Â£48.64,1,True
Boar Island (Anna Pigeon #19),Â£59.48,3,True
A Paris Apartment,Â£39.01,4,True
"A la Mode: 120 Recipes in 60 Pairings: Pies, Tarts, Cakes, Crisps, and More Topped with Ice Cream, Gelato, Frozen Custard, and More",Â£38.77,1,True
Troublemaker: Surviving Hollywood and Scientology,Â£48.39,2,True
The Widow,Â£27.26,2,True
"The Sleep Revolution: Transforming Your Life, One Night at a Time",Â£11.68,4,True
The Improbability of Love,Â£59.45,1,True
The Art of Startup Fundraising,Â£21.00,3,True
Take Me Home Tonight (Rock Star Romance #3),Â£53.98,3,True
Sleeping Giants (Themis Files #1),Â£48.74,1,True
"Setting the World on Fire: The Brief, Astonishing Life of St. Catherine of Siena",Â£21.15,2,True
Playing with Fire,Â£13.71,3,True
Off the Hook (Fishing for Trouble #1),Â£47.67,3,True
Mothering Sunday,Â£13.34,2,True
"Mother, Can You Not?",Â£16.89,5,True
M Train,Â£27.18,1,True
Lilac Girls,Â£17.28,2,True
Lies and Other Acts of Love,Â£45.14,1,True
Lab Girl,Â£40.85,1,True
Keep Me Posted,Â£20.46,4,True
It Didn't Start with You: How Inherited Family Trauma Shapes Who We Are and How to End the Cycle,Â£56.27,3,True
Grey (Fifty Shades #4),Â£48.49,4,True
"Exit, Pursued by a Bear",Â£51.34,4,True
Daredevils,Â£16.34,3,True
Cravings: Recipes for What You Want to Eat,Â£20.50,3,True
Born for This: How to Find the Work You Were Meant to Do,Â£21.59,5,True
Arena,Â£21.36,4,True
Adultery,Â£20.88,5,True
A Mother's Reckoning: Living in the Aftermath of Tragedy,Â£19.53,3,True
A Gentleman's Position (Society of Gentlemen #3),Â£14.75,5,True
11/22/63,Â£48.48,3,True
"10% Happier: How I Tamed the Voice in My Head, Reduced Stress Without Losing My Edge, and Found Self-Help That Actually Works",Â£24.57,2,True
10-Day Green Smoothie Cleanse: Lose Up to 15 Pounds in 10 Days!,Â£49.71,5,True
Without Shame,Â£48.27,5,True
Watchmen,Â£58.05,4,True
Unlimited Intuition Now,Â£58.87,4,True
Underlying Notes,Â£11.82,2,True
The Shack,Â£28.03,1,True
The New Brand You: Your New Image Makes the Sale for You,Â£44.05,5,True
"The Moosewood Cookbook: Recipes from Moosewood Restaurant, Ithaca, New York",Â£12.34,4,True
The Flowers Lied,Â£16.68,2,True
"The Fabric of the Cosmos: Space, Time, and the Texture of Reality",Â£55.91,1,True
The Book of Mormon,Â£24.57,3,True
The Art and Science of Low Carbohydrate Living,Â£52.98,5,True
The Alien Club,Â£54.40,1,True
Suzie Snowflake: One beautiful flake (a self-esteem story),Â£54.81,5,True
Nap-a-Roo,Â£25.08,1,True
"NaNo What Now? Finding your editing process, revising your NaNoWriMo book and building a writing career through publishing and beyond",Â£10.41,4,True
Modern Day Fables,Â£47.44,2,True
If I Gave You God's Phone Number....: Searching for Spirituality in America,Â£20.91,1,True
"Fruits Basket, Vol. 9 (Fruits Basket #9)",Â£33.95,4,True
Dress Your Family in Corduroy and Denim,Â£43.68,3,True
Don't Forget Steven,Â£33.23,1,True
Chernobyl 01:23:40: The Incredible True Story of the World's Worst Nuclear Disaster,Â£35.92,2,True
Art and Fear: Observations on the Perils (and Rewards) of Artmaking,Â£48.63,4,True
A Shard of Ice (The Black Symphony Saga #1),Â£56.63,3,True
A Hero's Curse (The Unseen Chronicles #1),Â£50.49,3,True
23 Degrees South: A Tropical Tale of Changing Whether...,Â£35.79,2,True
"Zero to One: Notes on Startups, or How to Build the Future",Â£34.06,3,True
Why Not Me?,Â£17.76,1,True
When Breath Becomes Air,Â£39.36,2,True
Vagabonding: An Uncommon Guide to the Art of Long-Term World Travel,Â£36.94,2,True
The Unlikely Pilgrimage of Harold Fry (Harold Fry #1),Â£43.62,5,True
The New Drawing on the Right Side of the Brain,Â£43.02,3,True
"The Midnight Assassin: Panic, Scandal, and the Hunt for America's First Serial Killer",Â£28.45,4,True
The Martian (The Martian #1),Â£41.39,2,True
The High Mountains of Portugal,Â£51.15,1,True
The Grownup,Â£35.88,1,True
The E-Myth Revisited: Why Most Small Businesses Don't Work and What to Do About It,Â£36.91,1,True
South of Sunshine,Â£28.93,1,True
Smarter Faster Better: The Secrets of Being Productive in Life and Business,Â£38.89,5,True
Silence in the Dark (Logan Point #4),Â£58.33,3,True
Shadows of the Past (Logan Point #1),Â£39.67,5,True
Roller Girl,Â£14.10,5,True
Rising Strong,Â£21.82,3,True
Proofs of God: Classical Arguments from Tertullian to Barth,Â£54.21,1,True
Please Kill Me: The Uncensored Oral History of Punk,Â£31.19,4,True
Out of Print: City Lights Spotlight No. 14,Â£53.64,5,True
My Life Next Door (My Life Next Door ),Â£36.39,5,True
Miller's Valley,Â£58.54,2,True
Man's Search for Meaning,Â£29.48,3,True
"Love That Boy: What Two Presidents, Eight Road Trips, and My Son Taught Me About a Parent's Expectations",Â£25.06,2,True
Living Forward: A Proven Plan to Stop Drifting and Get the Life You Want,Â£12.55,3,True
Les Fleurs du Mal,Â£29.04,5,True
Left Behind (Left Behind #1),Â£40.72,2,True
Kill 'Em and Leave: Searching for James Brown and the American Soul,Â£45.05,5,True
Kierkegaard: A Christian Missionary to Christians,Â£47.13,1,True
John Vassos: Industrial Design for Modern Life,Â£20.22,4,True
I'll Give You the Sun,Â£56.48,1,True
I Will Find You,Â£44.21,1,True
Hystopia: A Novel,Â£21.96,4,True
Howl and Other Poems,Â£40.45,2,True
History of Beauty,Â£10.29,4,True
Heaven is for Real: A Little Boy's Astounding Story of His Trip to Heaven and Back,Â£52.86,2,True
Future Shock (Future Shock #1),Â£55.65,5,True
Ender's Game (The Ender Quintet #1),Â£43.64,1,True
Diary of a Citizen Scientist: Chasing Tiger Beetles and Other New Ways of Engaging the World,Â£28.41,1,True
Death by Leisure: A Cautionary Tale,Â£37.51,4,True
Brilliant Beacons: A History of the American Lighthouse,Â£11.45,3,True
Brazen: The Courage to Find the You That's Been Hiding,Â£19.22,2,True
Between the World and Me,Â£56.91,4,True
Being Mortal: Medicine and What Matters in the End,Â£55.06,4,True
"A Murder Over a Girl: Justice, Gender, Junior High",Â£13.20,3,True
32 Yolks,Â£53.63,2,True
"""Most Blessed of the Patriarchs"": Thomas Jefferson and the Empire of the Imagination",Â£44.48,5,True
You Are a Badass: How to Stop Doubting Your Greatness and Start Living an Awesome Life,Â£12.08,3,True
Wildlife of New York: A Five-Borough Coloring Book,Â£22.14,2,True
What Happened on Beale Street (Secrets of the South Mysteries #2),Â£25.37,5,True
Unreasonable Hope: Finding Faith in the God Who Brings Purpose to Your Pain,Â£46.33,2,True
Under the Tuscan Sun,Â£37.33,3,True
Toddlers Are A**holes: It's Not Your Fault,Â£25.55,1,True
The Year of Living Biblically: One Man's Humble Quest to Follow the Bible as Literally as Possible,Â£34.72,1,True
The Whale,Â£35.96,4,True
The Story of Art,Â£41.14,4,True
The Origin of Species,Â£10.01,4,True
The Great Gatsby,Â£36.05,4,True
The Good Girl,Â£49.03,3,True
The Glass Castle,Â£16.24,1,True
The Faith of Christopher Hitchens: The Restless Soul of the World's Most Notorious Atheist,Â£39.55,1,True
The Drowning Girls,Â£35.67,3,True
The Constant Princess (The Tudor Court #1),Â£16.62,3,True
The Bourne Identity (Jason Bourne #1),Â£42.78,4,True
The Bachelor Girl's Guide to Murder (Herringford and Watts Mysteries #1),Â£52.30,5,True
The Art Book,Â£32.34,2,True
The 7 Habits of Highly Effective People: Powerful Lessons in Personal Change,Â£33.17,4,True
Team of Rivals: The Political Genius of Abraham Lincoln,Â£20.12,5,True
Steal Like an Artist: 10 Things Nobody Told You About Being Creative,Â£20.90,2,True
"Sit, Stay, Love",Â£20.90,3,True
Sister Dear,Â£40.20,4,True
"Shrunken Treasures: Literary Classics, Short, Sweet, and Silly",Â£52.87,3,True
"Rich Dad, Poor Dad",Â£51.74,1,True
Raymie Nightingale,Â£34.41,2,True
Playing from the Heart,Â£32.38,1,True
Nightstruck: A Novel,Â£50.35,4,True
"Naturally Lean: 125 Nourishing Gluten-Free, Plant-Based Recipes--All Under 300 Calories",Â£11.38,5,True
Meternity,Â£43.58,3,True
Memoirs of a Geisha,Â£49.67,3,True
Like Never Before (Walker Family #2),Â£28.77,2,True
Life of Pi,Â£13.22,4,True
Leave This Song Behind: Teen Poetry at Its Best,Â£51.17,5,True
King's Folly (The Kinsman Chronicles #1),Â£39.61,5,True
John Adams,Â£57.43,4,True
How to Cook Everything Vegetarian: Simple Meatless Recipes for Great Food (How to Cook Everything),Â£46.01,4,True
How to Be a Domestic Goddess: Baking and the Art of Comfort Cooking,Â£28.25,2,True
Good in Bed (Cannie Shapiro #1),Â£37.05,5,True
"Fruits Basket, Vol. 7 (Fruits Basket #7)",Â£19.57,1,True
For the Love: Fighting for Grace in a World of Impossible Standards,Â£45.13,3,True
Finding God in the Ruins: How God Redeems Pain,Â£46.64,2,True
Every Heart a Doorway (Every Heart A Doorway #1),Â£12.16,5,True
Delivering the Truth (Quaker Midwife Mystery #1),Â£20.89,4,True
Counted With the Stars (Out from Egypt #1),Â£17.97,5,True
"Chronicles, Vol. 1",Â£52.60,2,True
Blue Like Jazz: Nonreligious Thoughts on Christian Spirituality,Â£25.77,1,True
Benjamin Franklin: An American Life,Â£48.19,3,True
"At The Existentialist CafÃ©: Freedom, Being, and apricot cocktails with: Jean-Paul Sartre, Simone de Beauvoir, Albert Camus, Martin Heidegger, Edmund Husserl, Karl Jaspers, Maurice Merleau-Ponty and others",Â£29.93,5,True
A Summer In Europe,Â£44.34,2,True
A Short History of Nearly Everything,Â£52.40,5,True
A Gathering of Shadows (Shades of Magic #2),Â£44.81,4,True
The Sound Of Love,Â£57.84,5,True
The Rise and Fall of the Third Reich: A History of Nazi Germany,Â£39.67,2,True
The Perks of Being a Wallflower,Â£55.02,3,True
The Mysterious Affair at Styles (Hercule Poirot #1),Â£24.80,4,True
The Man Who Mistook His Wife for a Hat and Other Clinical Tales,Â£59.45,4,True
The Makings of a Fatherless Child,Â£31.58,2,True
The Joy of Cooking,Â£43.27,4,True
The Invention of Wings,Â£37.34,1,True
The Hobbit (Middle-Earth Universe),Â£17.80,5,True
The Great Railway Bazaar,Â£30.54,1,True
The Golden Compass (His Dark Materials #1),Â£18.77,1,True
The God Delusion,Â£46.85,3,True
The Girl You Left Behind (The Girl You Left Behind #1),Â£15.79,1,True
The Fellowship of the Ring (The Lord of the Rings #1),Â£10.27,2,True
The Collected Poems of W.B. Yeats (The Collected Works of W.B. Yeats #1),Â£15.42,5,True
The Barefoot Contessa Cookbook,Â£59.92,5,True
Tell the Wolves I'm Home,Â£50.96,2,True
Ship Leaves Harbor: Essays on Travel by a Recovering Journeyman,Â£30.60,3,True
Pride and Prejudice,Â£19.27,4,True
Musicophilia: Tales of Music and the Brain,Â£46.58,1,True
Mere Christianity,Â£48.51,3,True
Me Before You (Me Before You #1),Â£19.02,1,True
In the Woods (Dublin Murder Squad #1),Â£38.38,2,True
In Cold Blood,Â£49.98,4,True
How to Stop Worrying and Start Living,Â£46.49,5,True
Give It Back,Â£18.32,2,True
"Girl, Interrupted",Â£42.14,3,True
Fun Home: A Family Tragicomic,Â£56.59,4,True
"Fruits Basket, Vol. 6 (Fruits Basket #6)",Â£20.96,4,True
Deception Point,Â£40.32,4,True
"Death Note, Vol. 6: Give-and-Take (Death Note #6)",Â£36.39,3,True
Catherine the Great: Portrait of a Woman,Â£58.55,4,True
Better Homes and Gardens New Cook Book,Â£39.61,3,True
An Unquiet Mind: A Memoir of Moods and Madness,Â£21.30,3,True
A Year in Provence (Provence #1),Â£56.88,4,True
World Without End (The Pillars of the Earth #2),Â£32.97,4,True
"Will Grayson, Will Grayson (Will Grayson, Will Grayson)",Â£47.31,4,True
Why Save the Bankers?: And Other Essays on Our Economic and Political Crisis,Â£48.67,2,True
Where She Went (If I Stay #2),Â£41.73,4,True
What If?: Serious Scientific Answers to Absurd Hypothetical Questions,Â£53.68,4,True
Two Summers,Â£14.64,1,True
This Is Your Brain on Music: The Science of a Human Obsession,Â£38.40,1,True
The Secret Garden,Â£15.08,4,True
The Raven King (The Raven Cycle #4),Â£30.57,2,True
The Raven Boys (The Raven Cycle #1),Â£57.74,4,True
The Power Greens Cookbook: 140 Delicious Superfood Recipes,Â£11.05,5,True
The Metamorphosis,Â£28.58,1,True
The Mathews Men: Seven Brothers and the War Against Hitler's U-boats,Â£42.91,5,True
The Little Paris Bookshop,Â£24.73,3,True
The Hiding Place,Â£55.91,4,True
The Grand Design,Â£13.76,3,True
The Firm,Â£45.56,3,True
The Fault in Our Stars,Â£47.22,1,True
The False Prince (The Ascendance Trilogy #1),Â£56.00,5,True
The Expatriates,Â£44.58,2,True
The Dream Thieves (The Raven Cycle #2),Â£34.50,1,True
The Darkest Corners,Â£11.33,5,True
The Crossover,Â£38.77,4,True
The 5th Wave (The 5th Wave #1),Â£11.83,2,True
Tell the Wind and Fire,Â£45.51,3,True
Tell Me Three Things,Â£41.81,1,True
Talking to Girls About Duran Duran: One Young Man's Quest for True Love and a Cooler Haircut,Â£25.15,4,True
Siddhartha,Â£34.22,5,True
Shiver (The Wolves of Mercy Falls #1),Â£16.23,5,True
Remember Me?,Â£11.48,3,True
Red Dragon (Hannibal Lecter #1),Â£23.37,3,True
Peak: Secrets from the New Science of Expertise,Â£16.28,2,True
My Mother Was Nuts,Â£31.63,4,True
Mexican Today: New and Rediscovered Recipes for Contemporary Kitchens,Â£24.91,5,True
Maybe Something Beautiful: How Art Transformed a Neighborhood,Â£22.54,1,True
Lola and the Boy Next Door (Anna and the French Kiss #2),Â£23.63,4,True
Logan Kade (Fallen Crest High #5.5),Â£13.12,2,True
Last One Home (New Beginnings #1),Â£59.98,3,True
Killing Floor (Jack Reacher #1),Â£31.49,4,True
Kill the Boy Band,Â£15.52,5,True
Isla and the Happily Ever After (Anna and the French Kiss #3),Â£48.13,5,True
If I Stay (If I Stay #1),Â£38.13,5,True
I Know Why the Caged Bird Sings (Maya Angelou's Autobiography #1),Â£36.55,2,True
Harry Potter and the Deathly Hallows (Harry Potter #7),Â£23.32,1,True
"Fruits Basket, Vol. 5 (Fruits Basket #5)",Â£16.33,1,True
Foundation (Foundation (Publication Order) #1),Â£32.42,1,True
Fool Me Once,Â£16.96,1,True
Find Her (Detective D.D. Warren #8),Â£22.37,1,True
Evicted: Poverty and Profit in the American City,Â£42.27,1,True
Drama,Â£38.70,2,True
Dracula the Un-Dead,Â£35.63,5,True
Digital Fortress,Â£58.00,5,True
"Death Note, Vol. 5: Whiteout (Death Note #5)",Â£52.41,1,True
"Data, A Love Story: How I Gamed Online Dating to Meet My Match",Â£32.35,3,True
Critique of Pure Reason,Â£20.75,1,True
Booked,Â£17.49,5,True
"Blue Lily, Lily Blue (The Raven Cycle #3)",Â£34.13,5,True
Approval Junkie: Adventures in Caring Too Much,Â£58.81,5,True
An Abundance of Katherines,Â£10.00,5,True
America's War for the Greater Middle East: A Military History,Â£51.22,2,True
Alight (The Generations Trilogy #2),Â£58.59,4,True
A Girl's Guide to Moving On (New Beginnings #2),Â£31.30,1,True
A Game of Thrones (A Song of Ice and Fire #1),Â£46.42,2,True
A Feast for Crows (A Song of Ice and Fire #4),Â£17.21,4,True
A Clash of Kings (A Song of Ice and Fire #2),Â£10.79,3,True
Vogue Colors A to Z: A Fashion Coloring Book,Â£52.35,4,True
The Shining (The Shining #1),Â£27.88,3,True
The Pilgrim's Progress,Â£50.26,2,True
The Perfect Play (Play by Play #1),Â£59.99,3,True
The Passion of Dolssa,Â£28.32,5,True
The Jazz of Physics: The Secret Link Between Music and the Structure of the Universe,Â£38.71,3,True
The Hunger Games (The Hunger Games #1),Â£29.85,5,True
The Hound of the Baskervilles (Sherlock Holmes #5),Â£14.82,2,True
The Gunning of America: Business and the Making of American Gun Culture,Â£16.81,4,True
The Geography of Bliss: One Grump's Search for the Happiest Places in the World,Â£28.23,2,True
The Demonists (Demonist #1),Â£52.11,2,True
"The Demon Prince of Momochi House, Vol. 4 (The Demon Prince of Momochi House #4)",Â£27.88,2,True
The Bone Hunters (Lexy Vaughan & Steven Macaulay #2),Â£59.71,3,True
The Beast (Black Dagger Brotherhood #14),Â£46.08,5,True
Some Women,Â£13.73,5,True
Shopaholic Ties the Knot (Shopaholic #3),Â£48.39,5,True
Paper and Fire (The Great Library #2),Â£49.45,5,True
Outlander (Outlander #1),Â£19.67,5,True
"Orchestra of Exiles: The Story of Bronislaw Huberman, the Israel Philharmonic, and the One Thousand Jews He Saved from Nazi Horrors",Â£12.36,3,True
No One Here Gets Out Alive,Â£20.02,5,True
Night Shift (Night Shift #1-20),Â£12.75,4,True
Needful Things,Â£47.51,4,True
Mockingjay (The Hunger Games #3),Â£20.44,4,True
Misery,Â£34.79,2,True
Little Women (Little Women #1),Â£28.07,4,True
It,Â£25.01,3,True
Harry Potter and the Sorcerer's Stone (Harry Potter #1),Â£13.90,3,True
Harry Potter and the Prisoner of Azkaban (Harry Potter #3),Â£24.17,4,True
Harry Potter and the Order of the Phoenix (Harry Potter #5),Â£31.63,4,True
Harry Potter and the Half-Blood Prince (Harry Potter #6),Â£48.75,5,True
Harry Potter and the Chamber of Secrets (Harry Potter #2),Â£14.74,1,True
Gone with the Wind,Â£32.49,3,True
God Is Not Great: How Religion Poisons Everything,Â£27.80,1,True
Girl With a Pearl Earring,Â£26.77,1,True
"Fruits Basket, Vol. 4 (Fruits Basket #4)",Â£50.44,4,True
Far From True (Promise Falls Trilogy #2),Â£34.93,2,True
Dark Lover (Black Dagger Brotherhood #1),Â£12.87,1,True
Confessions of a Shopaholic (Shopaholic #1),Â£48.94,2,True
Changing the Game (Play by Play #2),Â£13.38,3,True
Candide,Â£58.63,3,True
Can You Keep a Secret?,Â£21.94,1,True
Atlas Shrugged,Â£26.58,5,True
Animal Farm,Â£57.22,3,True
A Walk to Remember,Â£56.43,1,True
A New Earth: Awakening to Your Life's Purpose,Â£55.65,5,True
"A History of God: The 4,000-Year Quest of Judaism, Christianity, and Islam",Â£27.62,1,True
'Salem's Lot,Â£49.56,4,True
Zero History (Blue Ant #3),Â£34.77,1,True
Wuthering Heights,Â£17.73,3,True
World War Z: An Oral History of the Zombie War,Â£21.80,1,True
Wild: From Lost to Found on the Pacific Crest Trail,Â£46.02,3,True
"Where'd You Go, Bernadette",Â£18.13,1,True
When You Are Engulfed in Flames,Â£30.89,5,True
We the People: The Modern-Day Figures Who Have Reshaped and Affirmed the Founding Fathers' Vision of America,Â£31.95,3,True
We Are All Completely Beside Ourselves,Â£24.04,1,True
Walk the Edge (Thunder Road #2),Â£32.36,3,True
Voyager (Outlander #3),Â£21.07,5,True
Very Good Lives: The Fringe Benefits of Failure and the Importance of Imagination,Â£50.66,3,True
Vegan Vegetarian Omnivore: Dinner for Everyone at the Table,Â£13.66,2,True
"Unstuffed: Decluttering Your Home, Mind, and Soul",Â£58.09,1,True
Under the Banner of Heaven: A Story of Violent Faith,Â£30.00,1,True
Two Boys Kissing,Â£32.74,2,True
Twilight (Twilight #1),Â£41.93,2,True
Twenties Girl,Â£42.80,2,True
"Trespassing Across America: One Man's Epic, Never-Done-Before (and Sort of Illegal) Hike Across the Heartland",Â£53.51,1,True
Three-Martini Lunch,Â£23.21,3,True
"Thinking, Fast and Slow",Â£21.14,1,True
The Wild Robot,Â£56.07,3,True
"The Wicked + The Divine, Vol. 3: Commercial Suicide (The Wicked + The Divine)",Â£14.41,3,True
The Undomestic Goddess,Â£45.75,4,True
The Travelers,Â£15.77,1,True
The Tipping Point: How Little Things Can Make a Big Difference,Â£10.02,2,True
The Thing About Jellyfish,Â£48.77,1,True
The Stand,Â£57.86,2,True
The Smitten Kitchen Cookbook,Â£23.59,1,True
The Silkworm (Cormoran Strike #2),Â£23.05,5,True
"The Sandman, Vol. 3: Dream Country (The Sandman (volumes) #3)",Â£55.55,5,True
The Rose & the Dagger (The Wrath and the Dawn #2),Â£58.64,4,True
The Road to Little Dribbling: Adventures of an American in Britain (Notes From a Small Island #2),Â£23.21,1,True
The Rise of Theodore Roosevelt (Theodore Roosevelt #1),Â£42.57,3,True
The Restaurant at the End of the Universe (Hitchhiker's Guide to the Galaxy #2),Â£10.92,1,True
The Rest Is Noise: Listening to the Twentieth Century,Â£34.77,1,True
The Red Tent,Â£35.66,5,True
The Purpose Driven Life: What on Earth Am I Here for?,Â£37.19,3,True
The Purest Hook (Second Circle Tattoos #3),Â£12.25,1,True
The Picture of Dorian Gray,Â£29.70,2,True
The Paris Wife,Â£36.80,3,True
The Obsession,Â£45.43,1,True
The Nightingale,Â£26.26,4,True
The New Guy (and Other Senior Year Distractions),Â£44.92,3,True
The Nanny Diaries (Nanny #1),Â£52.53,5,True
The Name of God is Mercy,Â£37.25,2,True
The Maze Runner (The Maze Runner #1),Â£20.93,1,True
The Lover's Dictionary,Â£58.09,2,True
The Lonely Ones,Â£43.59,5,True
The Lean Startup: How Today's Entrepreneurs Use Continuous Innovation to Create Radically Successful Businesses,Â£33.92,3,True
The Last Painting of Sara de Vos,Â£55.55,2,True
"The Land of 10,000 Madonnas",Â£29.64,4,True
The Infinities,Â£27.41,1,True
The Husband's Secret,Â£52.51,5,True
The Hitchhiker's Guide to the Galaxy (Hitchhiker's Guide to the Galaxy #1),Â£47.80,3,True
The Guns of August,Â£14.54,2,True
The Guernsey Literary and Potato Peel Pie Society,Â£49.53,1,True
The Goldfinch,Â£43.58,3,True
The Giver (The Giver Quartet #1),Â£12.30,1,True
The Girl with All the Gifts,Â£49.47,3,True
The Girl Who Played with Fire (Millennium Trilogy #2),Â£22.14,2,True
The Girl Who Kicked the Hornet's Nest (Millennium Trilogy #3),Â£57.48,1,True
The Exiled,Â£43.45,3,True
"The End of Faith: Religion, Terror, and the Future of Reason",Â£22.13,4,True
"The Elegant Universe: Superstrings, Hidden Dimensions, and the Quest for the Ultimate Theory",Â£13.03,4,True
"The Disappearing Spoon: And Other True Tales of Madness, Love, and the History of the World from the Periodic Table of the Elements",Â£57.35,5,True
The Devil Wears Prada (The Devil Wears Prada #1),Â£44.29,1,True
The Demon-Haunted World: Science as a Candle in the Dark,Â£52.25,4,True
The Day the Crayons Came Home (Crayons),Â£26.33,5,True
The Da Vinci Code (Robert Langdon #2),Â£22.96,2,True
The Cuckoo's Calling (Cormoran Strike #1),Â£19.21,1,True
The Complete Stories and Poems (The Works of Edgar Allan Poe [Cameo Edition]),Â£26.78,4,True
The Complete Poems,Â£41.32,5,True
The Catcher in the Rye,Â£24.55,1,True
The Cat in the Hat (Beginner Books B-1),Â£16.26,2,True
The Case for Christ (Cases for Christianity),Â£47.84,1,True
The Book Thief,Â£53.49,2,True
The Book of Basketball: The NBA According to The Sports Guy,Â£44.84,5,True
The Blind Side: Evolution of a Game,Â£53.71,5,True
The Autobiography of Malcolm X,Â£23.43,2,True
"The Art of Simple Food: Notes, Lessons, and Recipes from a Delicious Revolution",Â£34.32,3,True
The Art of Fielding,Â£22.10,1,True
"Surely You're Joking, Mr. Feynman!: Adventures of a Curious Character",Â£25.83,2,True
Stiff: The Curious Lives of Human Cadavers,Â£36.74,3,True
Spilled Milk: Based on a True Story,Â£49.51,1,True
Something Borrowed (Darcy & Rachel #1),Â£48.96,5,True
Something Blue (Darcy & Rachel #2),Â£54.62,1,True
Soldier (Talon #3),Â£24.72,2,True
Shopaholic & Baby (Shopaholic #5),Â£46.45,2,True
Seven Days in the Art World,Â£52.33,2,True
Seven Brief Lessons on Physics,Â£30.60,4,True
Scarlet (The Lunar Chronicles #2),Â£14.57,4,True
Sarah's Key,Â£46.29,1,True
"Saga, Volume 3 (Saga (Collected Editions) #3)",Â£21.57,5,True
Running with Scissors,Â£12.91,4,True
Rogue Lawyer (Rogue Lawyer #1),Â£50.11,3,True
"Rise of the Rocket Girls: The Women Who Propelled Us, from Missiles to the Moon to Mars",Â£41.67,4,True
Rework,Â£44.88,2,True
Reservations for Two,Â£11.10,3,True
Red: The True Story of Red Riding Hood,Â£28.54,3,True
Ready Player One,Â£19.07,4,True
Quiet: The Power of Introverts in a World That Can't Stop Talking,Â£43.55,1,True
Prodigy: The Graphic Novel (Legend: The Graphic Novel #2),Â£43.63,3,True
Persepolis: The Story of a Childhood (Persepolis #1-2),Â£39.13,1,True
Packing for Mars: The Curious Science of Life in the Void,Â£56.68,2,True
Outliers: The Story of Success,Â£14.16,1,True
Original Fake,Â£31.45,3,True
Orange Is the New Black,Â£24.61,2,True
One for the Money (Stephanie Plum #1),Â£32.87,2,True
Notes from a Small Island (Notes From a Small Island #1),Â£40.17,1,True
Night (The Night Trilogy #1),Â£13.51,1,True
Neither Here nor There: Travels in Europe,Â£38.95,3,True
Naked,Â£31.69,3,True
Morning Star (Red Rising #3),Â£29.40,1,True
"Miracles from Heaven: A Little Girl, Her Journey to Heaven, and Her Amazing Story of Healing",Â£57.83,1,True
Midnight Riot (Peter Grant/ Rivers of London - books #1),Â£55.46,2,True
Me Talk Pretty One Day,Â£57.60,2,True
Manuscript Found in Accra,Â£34.98,2,True
Lust & Wonder,Â£11.87,2,True
Lila (Gilead #3),Â£12.47,3,True
"Life, the Universe and Everything (Hitchhiker's Guide to the Galaxy #3)",Â£33.26,2,True
Life Without a Recipe,Â£59.04,5,True
Life After Life,Â£26.13,2,True
Letter to a Christian Nation,Â£22.20,1,True
Let's Pretend This Never Happened: A Mostly True Memoir,Â£45.11,1,True
Legend (Legend #1),Â£43.69,4,True
"Lean In: Women, Work, and the Will to Lead",Â£25.02,1,True
"Lamb: The Gospel According to Biff, Christ's Childhood Pal",Â£55.50,5,True
Lady Renegades (Rebel Belle #3),Â£53.04,5,True
Jurassic Park (Jurassic Park #1),Â£44.97,1,True
It's Never Too Late to Begin Again: Discovering Creativity and Meaning at Midlife and Beyond,Â£42.38,1,True
Is Everyone Hanging Out Without Me? (And Other Concerns),Â£20.11,3,True
Into the Wild,Â£56.70,5,True
Inferno (Robert Langdon #4),Â£41.00,5,True
"In the Garden of Beasts: Love, Terror, and an American Family in Hitler's Berlin",Â£28.85,3,True
If I Run (If I Run #1),Â£49.97,4,True
I've Got Your Number,Â£19.69,1,True
I Am Malala: The Girl Who Stood Up for Education and Was Shot by the Taliban,Â£28.88,2,True
Hungry Girl Clean & Hungry: Easy All-Natural Recipes for Healthy Eating in the Real World,Â£33.14,3,True
"House of Lost Worlds: Dinosaurs, Dynasties, and the Story of Life on Earth",Â£43.70,2,True
House of Leaves,Â£54.89,1,True
Horrible Bear!,Â£37.52,2,True
Holidays on Ice,Â£51.07,2,True
Heir to the Sky,Â£44.07,4,True
Green Eggs and Ham (Beginner Books B-16),Â£10.79,4,True
"Grayson, Vol 3: Nemesis (Grayson #3)",Â£42.72,1,True
Gratitude,Â£26.66,5,True
Gone Girl,Â£37.60,5,True
Golden (Heart of Dread #3),Â£42.21,4,True
Girl in the Blue Coat,Â£46.83,2,True
"Fruits Basket, Vol. 3 (Fruits Basket #3)",Â£45.17,2,True
"Friday Night Lights: A Town, a Team, and a Dream",Â£51.22,3,True
Fire Bound (Sea Haven/Sisters of the Heart #5),Â£21.28,4,True
Fifty Shades Freed (Fifty Shades #3),Â£15.36,5,True
Fellside,Â£38.62,1,True
Extreme Prey (Lucas Davenport #26),Â£25.40,3,True
Eragon (The Inheritance Cycle #1),Â£43.87,3,True
Eclipse (Twilight #3),Â£18.74,1,True
Dune (Dune #1),Â£54.86,1,True
Dracula,Â£52.62,3,True
Do Androids Dream of Electric Sheep? (Blade Runner #1),Â£51.48,1,True
Disrupted: My Misadventure in the Start-Up Bubble,Â£15.28,5,True
Dead Wake: The Last Crossing of the Lusitania,Â£39.24,5,True
"David and Goliath: Underdogs, Misfits, and the Art of Battling Giants",Â£17.81,1,True
Darkfever (Fever #1),Â£56.02,1,True
Dark Places,Â£23.90,5,True
Crazy Rich Asians (Crazy Rich Asians #1),Â£49.13,5,True
Counting Thyme,Â£10.62,1,True
Cosmos,Â£36.17,2,True
Civilization and Its Discontents,Â£59.95,2,True
Cinder (The Lunar Chronicles #1),Â£26.09,1,True
Catastrophic Happiness: Finding Joy in Childhood's Messy Years,Â£37.35,2,True
Career of Evil (Cormoran Strike #3),Â£24.72,2,True
Breaking Dawn (Twilight #4),Â£35.28,5,True
Brave Enough,Â£51.32,5,True
Boy Meets Boy,Â£21.12,3,True
"Born to Run: A Hidden Tribe, Superathletes, and the Greatest Race the World Has Never Seen",Â£27.35,2,True
Blink: The Power of Thinking Without Thinking,Â£21.74,5,True
Black Flags: The Rise of ISIS,Â£40.87,1,True
"Black Butler, Vol. 1 (Black Butler #1)",Â£49.31,1,True
Big Little Lies,Â£22.11,1,True
Between Shades of Gray,Â£20.79,5,True
Best of My Love (Fool's Gold #20),Â£27.41,2,True
Beowulf,Â£38.35,2,True
Beautiful Creatures (Caster Chronicles #1),Â£21.55,5,True
Awkward,Â£38.02,2,True
Ash,Â£22.06,4,True
Are We There Yet?,Â£10.66,3,True
Are We Smart Enough to Know How Smart Animals Are?,Â£56.58,1,True
Annie on My Mind,Â£36.83,5,True
And Then There Were None,Â£35.01,2,True
A Walk in the Woods: Rediscovering America on the Appalachian Trail,Â£30.48,4,True
A Visit from the Goon Squad,Â£14.08,5,True
A Storm of Swords (A Song of Ice and Fire #3),Â£31.22,2,True
A Heartbreaking Work of Staggering Genius,Â£54.29,5,True
8 Keys to Mental Health Through Exercise,Â£31.04,1,True
#GIRLBOSS,Â£50.96,1,True
"The Suffragettes (Little Black Classics, #96)",Â£11.89,2,True
The Sense of an Ending,Â£31.38,3,True
"The Sandman, Vol. 2: The Doll's House (The Sandman (volumes) #2)",Â£54.81,1,True
The Course of Love,Â£16.78,3,True
Sugar Rush (Offensive Line #2),Â£24.42,1,True
"Saga, Volume 2 (Saga (Collected Editions) #2)",Â£11.75,3,True
"Run, Spot, Run: The Ethics of Keeping Pets",Â£20.02,1,True
New Moon (Twilight #2),Â£12.86,4,True
Life,Â£31.58,5,True
Kindle Paperwhite User's Guide,Â£34.00,3,True
H is for Hawk,Â£57.42,5,True
Girl Online On Tour (Girl Online #2),Â£53.47,1,True
"Fruits Basket, Vol. 2 (Fruits Basket #2)",Â£11.64,5,True
Diary of a Minecraft Zombie Book 1: A Scare of a Dare (An Unofficial Minecraft Book),Â£52.88,4,True
"Y: The Last Man, Vol. 1: Unmanned (Y: The Last Man #1)",Â£18.51,4,True
While You Were Mine,Â£41.32,5,True
Where Lightning Strikes (Bleeding Stars #3),Â£39.77,3,True
When I'm Gone,Â£51.96,3,True
Ways of Seeing,Â£39.51,5,True
"Vampire Knight, Vol. 1 (Vampire Knight #1)",Â£15.40,1,True
Vampire Girl (Vampire Girl #1),Â£53.82,2,True
Twenty Love Poems and a Song of Despair,Â£30.95,4,True
Travels with Charley: In Search of America,Â£57.82,5,True
Three Wishes (River of Time: California #1),Â£44.18,2,True
This One Moment (Pushing Limits #1),Â£48.71,1,True
The Zombie Room,Â£19.69,5,True
"The Wicked + The Divine, Vol. 1: The Faust Act (The Wicked + The Divine)",Â£36.52,2,True
The Tumor,Â£41.56,5,True
The Story of Hong Gildong,Â£43.19,4,True
The Silent Wife,Â£12.34,5,True
The Silent Twin (Detective Jennifer Knight #3),Â£36.25,3,True
The Selfish Gene,Â£29.45,1,True
The Secret Healer,Â£34.56,3,True
"The Sandman, Vol. 1: Preludes and Nocturnes (The Sandman (volumes) #1)",Â£54.12,3,True
The Republic,Â£33.78,3,True
The Odyssey,Â£29.64,3,True
The No. 1 Ladies' Detective Agency (No. 1 Ladies' Detective Agency #1),Â£57.70,4,True
The Nicomachean Ethics,Â£36.34,1,True
The Name of the Wind (The Kingkiller Chronicle #1),Â£50.59,3,True
The Mirror & the Maze (The Wrath and the Dawn #1.5),Â£29.38,1,True
The Little Prince,Â£45.42,2,True
The Light of the Fireflies,Â£54.43,1,True
The Last Girl (The Dominion Trilogy #1),Â£36.26,2,True
The Iliad,Â£16.16,1,True
The Hook Up (Game On #1),Â£36.29,5,True
The Haters,Â£27.89,5,True
The Girl You Lost,Â£12.29,5,True
The Girl In The Ice (DCI Erika Foster #1),Â£15.85,3,True
The End of the Jesus Era (An Investigation #1),Â£14.40,1,True
The Edge of Reason (Bridget Jones #2),Â£19.18,4,True
The Complete Maus (Maus #1-2),Â£10.64,3,True
The Communist Manifesto,Â£14.76,3,True
The Bhagavad Gita,Â£57.49,3,True
The Bette Davis Club,Â£30.66,3,True
The Art of Not Breathing,Â£40.83,4,True
Taking Shots (Assassins #1),Â£18.88,2,True
Starlark,Â£25.83,3,True
"Skip Beat!, Vol. 01 (Skip Beat! #1)",Â£42.12,3,True
Sister Sable (The Mad Queen #1),Â£13.33,3,True
Shatter Me (Shatter Me #1),Â£42.40,1,True
Shameless,Â£58.35,3,True
Shadow Rites (Jane Yellowrock #10),Â£21.72,4,True
Settling the Score (The Summer Games #1),Â£44.91,2,True
Sense and Sensibility,Â£37.46,1,True
"Saga, Volume 1 (Saga (Collected Editions) #1)",Â£28.48,1,True
"Rhythm, Chord & Malykhin",Â£28.34,2,True
"Rat Queens, Vol. 1: Sass & Sorcery (Rat Queens (Collected Editions) #1-5)",Â£46.96,5,True
Paradise Lost (Paradise #1),Â£24.96,1,True
"Paper Girls, Vol. 1 (Paper Girls #1-5)",Â£21.71,4,True
"Ouran High School Host Club, Vol. 1 (Ouran High School Host Club #1)",Â£29.87,3,True
Origins (Alphas 0.5),Â£28.99,1,True
One Second (Seven #7),Â£52.94,2,True
On the Road (Duluoz Legend),Â£32.36,3,True
Old Records Never Die: One Man's Quest for His Vinyl and His Past,Â£55.66,2,True
Off Sides (Off #1),Â£39.45,5,True
Of Mice and Men,Â£47.11,2,True
Myriad (Prentor #1),Â£58.75,4,True
My Perfect Mistake (Over the Top #1),Â£38.92,2,True
"Ms. Marvel, Vol. 1: No Normal (Ms. Marvel (2014-2015) #1)",Â£39.39,4,True
Meditations,Â£25.89,2,True
Matilda,Â£28.34,1,True
Lost Among the Living,Â£27.70,4,True
Lord of the Flies,Â£24.89,3,True
Listen to Me (Fusion #1),Â£58.99,3,True
Kitchens of the Great Midwest,Â£57.20,5,True
Jane Eyre,Â£38.43,5,True
Imperfect Harmony,Â£34.74,4,True
Icing (Aces Hockey #2),Â£40.44,4,True
"Hawkeye, Vol. 1: My Life as a Weapon (Hawkeye #1)",Â£45.24,3,True
Having the Barbarian's Baby (Ice Planet Barbarians #7.5),Â£34.96,4,True
"Giant Days, Vol. 1 (Giant Days #1-4)",Â£56.76,4,True
"Fruits Basket, Vol. 1 (Fruits Basket #1)",Â£40.28,5,True
Frankenstein,Â£38.00,2,True
Forever Rockers (The Rocker #12),Â£28.80,3,True
Fighting Fate (Fighting #6),Â£39.24,3,True
Emma,Â£32.93,2,True
"Eat, Pray, Love",Â£51.32,3,True
Deep Under (Walker Security #1),Â£47.09,5,True
Choosing Our Religion: The Spiritual Lives of America's Nones,Â£28.42,4,True
Charlie and the Chocolate Factory (Charlie Bucket #1),Â£22.85,3,True
Charity's Cross (Charles Towne Belles #4),Â£41.24,1,True
Bright Lines,Â£39.07,5,True
Bridget Jones's Diary (Bridget Jones #1),Â£29.82,1,True
Bounty (Colorado Mountain #7),Â£37.26,4,True
Blood Defense (Samantha Brinkman #1),Â£20.30,3,True
"Bleach, Vol. 1: Strawberry and the Soul Reapers (Bleach #1)",Â£34.65,5,True
Beyond Good and Evil,Â£43.38,1,True
Alice in Wonderland (Alice's Adventures in Wonderland #1),Â£55.53,1,True
"Ajin: Demi-Human, Volume 1 (Ajin: Demi-Human #1)",Â£57.06,4,True
A Spy's Devotion (The Regency Spies of London #1),Â£16.97,5,True
1st to Die (Women's Murder Club #1),Â£53.98,1,True
"1,000 Places to See Before You Die",Â£26.08,5,True
